

/*!40101 SET @OLD_CHARACTER_SET_CLIENT=@@CHARACTER_SET_CLIENT */;
/*!40101 SET @OLD_CHARACTER_SET_RESULTS=@@CHARACTER_SET_RESULTS */;
/*!40101 SET @OLD_COLLATION_CONNECTION=@@COLLATION_CONNECTION */;
/*!50503 SET NAMES utf8 */;
/*!40103 SET @OLD_TIME_ZONE=@@TIME_ZONE */;
/*!40103 SET TIME_ZONE='+00:00' */;
/*!40014 SET @OLD_UNIQUE_CHECKS=@@UNIQUE_CHECKS, UNIQUE_CHECKS=0 */;
/*!40014 SET @OLD_FOREIGN_KEY_CHECKS=@@FOREIGN_KEY_CHECKS, FOREIGN_KEY_CHECKS=0 */;
/*!40101 SET @OLD_SQL_MODE=@@SQL_MODE, SQL_MODE='NO_AUTO_VALUE_ON_ZERO' */;
/*!40111 SET @OLD_SQL_NOTES=@@SQL_NOTES, SQL_NOTES=0 */;


DROP TABLE IF EXISTS `piezas`;
/*!40101 SET @saved_cs_client     = @@character_set_client */;
/*!50503 SET character_set_client = utf8mb4 */;
CREATE TABLE `piezas` (
  `codigo` int NOT NULL AUTO_INCREMENT,
  `nombre` varchar(100) CHARACTER SET utf8mb3 COLLATE utf8mb3_general_ci DEFAULT NULL,
  PRIMARY KEY (`codigo`)
) ENGINE=InnoDB AUTO_INCREMENT=11 DEFAULT CHARSET=utf8mb4 COLLATE=utf8mb4_0900_ai_ci;
/*!40101 SET character_set_client = @saved_cs_client */;


LOCK TABLES `piezas` WRITE;
/*!40000 ALTER TABLE `piezas` DISABLE KEYS */;
INSERT INTO `piezas` VALUES (1,'Tornillo multiusos'),(2,'Componente electrónico'),(3,'Engranaje de precisión'),(4,'Placa de circuito impreso'),(5,'Módulo de comunicación inalámbrica'),(6,'Resorte de alta resistencia'),(7,'Lente óptic'),(8,'Dispositivo de almacenamiento'),(9,'Sensor de proximidad'),(10,'Caja resistente al agua');
/*!40000 ALTER TABLE `piezas` ENABLE KEYS */;
UNLOCK TABLES;


DROP TABLE IF EXISTS `piezas_proveedores`;
/*!40101 SET @saved_cs_client     = @@character_set_client */;
/*!50503 SET character_set_client = utf8mb4 */;
CREATE TABLE `piezas_proveedores` (
  `id` int NOT NULL AUTO_INCREMENT,
  `codigo_pieza` int DEFAULT NULL,
  `id_proveedor` char(4) DEFAULT NULL,
  `precio` int DEFAULT NULL,
  PRIMARY KEY (`id`),
  KEY `codigo_pieza` (`codigo_pieza`),
  KEY `id_proveedor` (`id_proveedor`),
  CONSTRAINT `piezas_proveedores_ibfk_1` FOREIGN KEY (`codigo_pieza`) REFERENCES `piezas` (`codigo`) ON DELETE CASCADE ON UPDATE CASCADE,
  CONSTRAINT `piezas_proveedores_ibfk_2` FOREIGN KEY (`id_proveedor`) REFERENCES `proveedores` (`id`) ON DELETE CASCADE ON UPDATE CASCADE
) ENGINE=InnoDB AUTO_INCREMENT=11 DEFAULT CHARSET=utf8mb4 COLLATE=utf8mb4_0900_ai_ci;
/*!40101 SET character_set_client = @saved_cs_client */;



LOCK TABLES `piezas_proveedores` WRITE;
/*!40000 ALTER TABLE `piezas_proveedores` DISABLE KEYS */;
INSERT INTO `piezas_proveedores` VALUES (1,1,'CBTE',4),(2,2,'SFHS',128),(3,3,'PMI',32),(4,4,'EPT',412),(5,5,'CNXS',22),(6,6,'SPT',43),(7,7,'LO',121),(8,8,'OPLE',29),(9,9,'DST',8),(10,10,'SLTE',45);
/*!40000 ALTER TABLE `piezas_proveedores` ENABLE KEYS */;
UNLOCK TABLES;


DROP TABLE IF EXISTS `proveedores`;
/*!40101 SET @saved_cs_client     = @@character_set_client */;
/*!50503 SET character_set_client = utf8mb4 */;
CREATE TABLE `proveedores` (
  `id` char(4) NOT NULL,
  `nombre` varchar(100) CHARACTER SET utf8mb3 COLLATE utf8mb3_general_ci DEFAULT NULL,
  PRIMARY KEY (`id`)
) ENGINE=InnoDB DEFAULT CHARSET=utf8mb4 COLLATE=utf8mb4_0900_ai_ci;
/*!40101 SET character_set_client = @saved_cs_client */;


LOCK TABLES `proveedores` WRITE;
/*!40000 ALTER TABLE `proveedores` DISABLE KEYS */;
INSERT INTO `proveedores` VALUES ('CBTE','CyberTech Electronics'),('CNXS','ConnectX Solutions'),('DST','DataSafe Technologies'),('EPT','ElectraPrint Technologies'),('LO','Lente óptic'),('OPLE','OptiLens Corp.'),('PMI','PrecisionMech Industries'),('SFHS','SuperFast Hardware Solutions'),('SLTE','SealTech Enclosures'),('SPT','SpringTech Inc.');
/*!40000 ALTER TABLE `proveedores` ENABLE KEYS */;
UNLOCK TABLES;
/*!40103 SET TIME_ZONE=@OLD_TIME_ZONE */;

/*!40101 SET SQL_MODE=@OLD_SQL_MODE */;
/*!40014 SET FOREIGN_KEY_CHECKS=@OLD_FOREIGN_KEY_CHECKS */;
/*!40014 SET UNIQUE_CHECKS=@OLD_UNIQUE_CHECKS */;
/*!40101 SET CHARACTER_SET_CLIENT=@OLD_CHARACTER_SET_CLIENT */;
/*!40101 SET CHARACTER_SET_RESULTS=@OLD_CHARACTER_SET_RESULTS */;
/*!40101 SET COLLATION_CONNECTION=@OLD_COLLATION_CONNECTION */;
/*!40111 SET SQL_NOTES=@OLD_SQL_NOTES */;

