-- MySQL dump 10.13  Distrib 8.0.34, for Win64 (x86_64)
--
-- Host: 127.0.0.1    Database: almacenes
-- ------------------------------------------------------
-- Server version	8.0.34

/*!40101 SET @OLD_CHARACTER_SET_CLIENT=@@CHARACTER_SET_CLIENT */;
/*!40101 SET @OLD_CHARACTER_SET_RESULTS=@@CHARACTER_SET_RESULTS */;
/*!40101 SET @OLD_COLLATION_CONNECTION=@@COLLATION_CONNECTION */;
/*!50503 SET NAMES utf8 */;
/*!40103 SET @OLD_TIME_ZONE=@@TIME_ZONE */;
/*!40103 SET TIME_ZONE='+00:00' */;
/*!40014 SET @OLD_UNIQUE_CHECKS=@@UNIQUE_CHECKS, UNIQUE_CHECKS=0 */;
/*!40014 SET @OLD_FOREIGN_KEY_CHECKS=@@FOREIGN_KEY_CHECKS, FOREIGN_KEY_CHECKS=0 */;
/*!40101 SET @OLD_SQL_MODE=@@SQL_MODE, SQL_MODE='NO_AUTO_VALUE_ON_ZERO' */;
/*!40111 SET @OLD_SQL_NOTES=@@SQL_NOTES, SQL_NOTES=0 */;

--
-- Table structure for table `cajeros`
--

DROP TABLE IF EXISTS `cajeros`;
/*!40101 SET @saved_cs_client     = @@character_set_client */;
/*!50503 SET character_set_client = utf8mb4 */;
CREATE TABLE `cajeros` (
  `codigo` int NOT NULL AUTO_INCREMENT,
  `nom_apels` varchar(255) CHARACTER SET utf8mb3 COLLATE utf8mb3_general_ci DEFAULT NULL,
  PRIMARY KEY (`codigo`)
) ENGINE=InnoDB AUTO_INCREMENT=11 DEFAULT CHARSET=utf8mb4 COLLATE=utf8mb4_0900_ai_ci;
/*!40101 SET character_set_client = @saved_cs_client */;

--
-- Dumping data for table `cajeros`
--

LOCK TABLES `cajeros` WRITE;
/*!40000 ALTER TABLE `cajeros` DISABLE KEYS */;
INSERT INTO `cajeros` VALUES (1,'Juan Pérez'),(2,'María Gómez'),(3,'Pedro Fernández'),(4,'Luisa Martínez'),(5,'Carlos Rodríguez'),(6,'Ana López'),(7,'David Torres'),(8,'Laura Ramírez'),(9,'Sara Castro'),(10,'Alejandro Navarro');
/*!40000 ALTER TABLE `cajeros` ENABLE KEYS */;
UNLOCK TABLES;

--
-- Table structure for table `maquinas_registradoras`
--

DROP TABLE IF EXISTS `maquinas_registradoras`;
/*!40101 SET @saved_cs_client     = @@character_set_client */;
/*!50503 SET character_set_client = utf8mb4 */;
CREATE TABLE `maquinas_registradoras` (
  `codigo` int NOT NULL AUTO_INCREMENT,
  `piso` int DEFAULT NULL,
  PRIMARY KEY (`codigo`)
) ENGINE=InnoDB AUTO_INCREMENT=11 DEFAULT CHARSET=utf8mb4 COLLATE=utf8mb4_0900_ai_ci;
/*!40101 SET character_set_client = @saved_cs_client */;

--
-- Dumping data for table `maquinas_registradoras`
--

LOCK TABLES `maquinas_registradoras` WRITE;
/*!40000 ALTER TABLE `maquinas_registradoras` DISABLE KEYS */;
INSERT INTO `maquinas_registradoras` VALUES (1,1),(2,2),(3,1),(4,3),(5,2),(6,4),(7,3),(8,5),(9,1),(10,2);
/*!40000 ALTER TABLE `maquinas_registradoras` ENABLE KEYS */;
UNLOCK TABLES;

--
-- Table structure for table `productos`
--

DROP TABLE IF EXISTS `productos`;
/*!40101 SET @saved_cs_client     = @@character_set_client */;
/*!50503 SET character_set_client = utf8mb4 */;
CREATE TABLE `productos` (
  `codigo` int NOT NULL AUTO_INCREMENT,
  `nombre` varchar(100) CHARACTER SET utf8mb3 COLLATE utf8mb3_general_ci DEFAULT NULL,
  `precio` int DEFAULT NULL,
  PRIMARY KEY (`codigo`)
) ENGINE=InnoDB AUTO_INCREMENT=11 DEFAULT CHARSET=utf8mb4 COLLATE=utf8mb4_0900_ai_ci;
/*!40101 SET character_set_client = @saved_cs_client */;

--
-- Dumping data for table `productos`
--

LOCK TABLES `productos` WRITE;
/*!40000 ALTER TABLE `productos` DISABLE KEYS */;
INSERT INTO `productos` VALUES (1,'Camiseta',200),(2,'Pantalón',350),(3,'Zapatos',500),(4,'Chaqueta',600),(5,'Blusa',180),(6,'Pantalones cortos',150),(7,'Bufanda',100),(8,'Gorra',80),(9,'Vestido',450),(10,'Calcetines',50);
/*!40000 ALTER TABLE `productos` ENABLE KEYS */;
UNLOCK TABLES;

--
-- Table structure for table `ventas`
--

DROP TABLE IF EXISTS `ventas`;
/*!40101 SET @saved_cs_client     = @@character_set_client */;
/*!50503 SET character_set_client = utf8mb4 */;
CREATE TABLE `ventas` (
  `codigo` int NOT NULL AUTO_INCREMENT,
  `cajero` int DEFAULT NULL,
  `maquina` int DEFAULT NULL,
  `producto` int DEFAULT NULL,
  PRIMARY KEY (`codigo`),
  KEY `cajero` (`cajero`),
  KEY `maquina` (`maquina`),
  KEY `producto` (`producto`),
  CONSTRAINT `ventas_ibfk_1` FOREIGN KEY (`cajero`) REFERENCES `cajeros` (`codigo`) ON DELETE CASCADE ON UPDATE CASCADE,
  CONSTRAINT `ventas_ibfk_2` FOREIGN KEY (`maquina`) REFERENCES `maquinas_registradoras` (`codigo`) ON DELETE CASCADE ON UPDATE CASCADE,
  CONSTRAINT `ventas_ibfk_3` FOREIGN KEY (`producto`) REFERENCES `productos` (`codigo`) ON DELETE CASCADE ON UPDATE CASCADE
) ENGINE=InnoDB AUTO_INCREMENT=11 DEFAULT CHARSET=utf8mb4 COLLATE=utf8mb4_0900_ai_ci;
/*!40101 SET character_set_client = @saved_cs_client */;

--
-- Dumping data for table `ventas`
--

LOCK TABLES `ventas` WRITE;
/*!40000 ALTER TABLE `ventas` DISABLE KEYS */;
INSERT INTO `ventas` VALUES (1,1,3,2),(2,2,1,4),(3,3,2,1),(4,4,5,3),(5,5,4,5),(6,6,3,7),(7,7,1,8),(8,8,2,6),(9,9,4,9),(10,10,5,10);
/*!40000 ALTER TABLE `ventas` ENABLE KEYS */;
UNLOCK TABLES;
/*!40103 SET TIME_ZONE=@OLD_TIME_ZONE */;

/*!40101 SET SQL_MODE=@OLD_SQL_MODE */;
/*!40014 SET FOREIGN_KEY_CHECKS=@OLD_FOREIGN_KEY_CHECKS */;
/*!40014 SET UNIQUE_CHECKS=@OLD_UNIQUE_CHECKS */;
/*!40101 SET CHARACTER_SET_CLIENT=@OLD_CHARACTER_SET_CLIENT */;
/*!40101 SET CHARACTER_SET_RESULTS=@OLD_CHARACTER_SET_RESULTS */;
/*!40101 SET COLLATION_CONNECTION=@OLD_COLLATION_CONNECTION */;
/*!40111 SET SQL_NOTES=@OLD_SQL_NOTES */;

-- Dump completed on 2023-09-02 20:25:39